program_id,source,source_name,source_type,detail_url,title,provider,summary,is_elementary,is_middle,is_high,target_grade_codes,grade_min,grade_max,grade_label,grade_basis,youth_fit,is_sw,is_ai,is_bio,is_sw_ai_related,is_bio_related,field_code,track_group,interest_tags,field_hits,growth_level,growth_label,growth_basis,is_competition,is_course,course_level,course_level_label,course_level_basis,format_type,format_label,format_basis,is_online,place_id,place_name,address,latitude,longitude,coord_source,equipment_codes,equipment_names,equipment_count,equipment_source,space_type,capacity,rental_space_ids,rental_max_capacity,rental_wifi,rental_projector,rental_available,reservation_url,space_match_method,start_date,end_date,duration_days,apply_start,apply_end,weekdays,time_start,time_end,total_hours,status_code,status_label,fee_type,fee_label,fee_amount,satisfaction_score,difficulty_score,difficulty_felt,completion_rate,outcome_source,search_text
BN7A8DC3AA1A,baewoobom,춘천시 배워봄,chuncheon_local,https://lifelong.hallym.ac.kr/cmmn/crs/community/selectDetail.do?crsId=O000552026001,AI의 시작과 기초- 검색의 시대에서 대화의 시대로,한림대학교 커뮤니티교육원,,0,0,0,,,,,open_to_all,1,0,1,0,1,0,1,0,AI·데이터,생성형|ai,1,씨앗,체험/입문,0,1,1,기초,"제목 ""기초""",1,실습형,기본값(실습형),1,PL002,한림대학교,강원특별자치도 춘천시 한림대학길 1,,,,LAPTOP|WIFI,노트북|와이파이/인터넷,2,1,ONLINE,,,,0,0,,,,2026-08-01,2026-12-31,153,2026-05-01,2026-07-31,월|화|수|목|금|토|일,00:00,00:00,,1,모집중,-1,미상,,,,,,,ai의 시작과 기초- 검색의 시대에서 대화의 시대로 ai기초|생성형ai|제미나이|프롬포트엔지니어링 ai의 시작과 기초- 검색의 시대에서 대화의 시대로
BN40CFD3E830,baewoobom,춘천시 배워봄,chuncheon_local,https://bwb.chuncheon.go.kr/enrollment/detail-view/?backFlag=category&lifelongGisuLectureId=10339&searchCate1=type02,[주말] 어린이 창의실험과학교실,춘천시 평생학습관,보로노이의 빛 상자 신기한 엑스레이 투시 움직이는 로봇 오토마타 빛나는 조개와 자개 규조토 방향제 만들기 플라나리아 탐구 할로윈 조명 만들기 홀로그램피라미드 흔들흔들 단진자 운동 야광펜 만들기 촉촉한 핸드크림 만들기 마시멜로 쫀득 쿠키 친환경 에코백 만들기 신기한 착시 현상,1,1,1,e4|e5|e6|m1|m2|m3|h1|h2|h3,4,12,초4~고3,youth_keyword,2,1,0,1,1,1,3,2,로봇·메이커,로봇|실험,2,새싹,기본값(새싹),0,1,2,기본,기본값(기초·심화 어느 쪽도 아님),0,이론형,커리큘럼 이론 100%,0,PL001,춘천시 평생학습관,강원특별자치도 춘천시 퇴계농공로 40,37.8495249089956,127.743612444085,space_csv,ROBOT_KIT|LAPTOP|LAB_TOOL|SAFETY|CRAFT,로봇 키트|노트북|실험기구|안전장비|공예/제작 재료,5,1,LAB,20,R009,230,0,1,Y,https://clc.chuncheon.go.kr/site/intro/rent_info.do,address,2026-08-22,2026-12-05,106,2026-07-20,2026-07-31,토,09:30,11:30,,1,모집중,1,유료,60000,,,,,,[주말] 어린이 창의실험과학교실 [주말] 어린이 창의실험과학교실 보로노이의 빛 상자 신기한 엑스레이 투시 움직이는 로봇 오토마타 빛나는 조개와 자개 규조토 방향제 만들기 플라나리아 탐구 할로윈 조명 만들기 홀로그램피라미드 흔들흔들 단진자 운동 야광펜 만들기 촉촉한 핸드크림 만들기 마시멜로 쫀득 쿠키 친환경 에코백 만들기 신기한 착시 현상
BN31B39A2249,baewoobom,춘천시 배워봄,chuncheon_local,https://bwb.chuncheon.go.kr/enrollment/detail-view/?backFlag=category&lifelongGisuLectureId=10191&searchCate1=type02,[주말] 어린이 창의실험과학교실,춘천시 평생학습관,"태양의 궤도를 공전하는 행성에 대해 알아보고 태양계 행성 열쇠고리를 만든다. 공기보다 가벼운 고체, 에어로겔에 대해 알아보고 에어로겔을 이용해 손가락 방수 실험을 한다. 중력에 의해 아래로 떨어지는 물체의 속도를 공기 저항을 이용해 줄여주는 낙하산 모형을 만든다 지피식물 잔디의 특징과 쓰임새를 알아보고 초록색 머리가 자라는 잔디 인형을 키운다. 얼음에 소금을 넣었을 때 어는점이 크게 떨어지는 원리를 이용해서 소금 아이스크림을 만든다 뉴턴의 작용-반작용의 법칙에 대해 알아보고 반작용으로 튀어 오르는 탱탱볼 로켓을 만든다. 지레의 원리",1,1,1,e4|e5|e6|m1|m2|m3|h1|h2|h3,4,12,초4~고3,youth_keyword,2,0,0,1,0,1,2,1,,실험,2,새싹,기본값(새싹),0,1,2,기본,기본값(기초·심화 어느 쪽도 아님),1,실습형,커리큘럼 실습 100%,0,PL001,춘천시 평생학습관,강원특별자치도 춘천시 퇴계농공로 40,37.8495249089956,127.743612444085,space_csv,LAB_TOOL|SAFETY,실험기구|안전장비,2,1,LAB,20,R009,230,0,1,Y,https://clc.chuncheon.go.kr/site/intro/rent_info.do,address,2026-03-14,2026-06-27,106,2026-02-02,2026-03-06,토,09:30,11:30,,0,종료,1,유료,60000,,,,,,"[주말] 어린이 창의실험과학교실 [주말] 어린이 창의실험과학교실 태양의 궤도를 공전하는 행성에 대해 알아보고 태양계 행성 열쇠고리를 만든다. 공기보다 가벼운 고체, 에어로겔에 대해 알아보고 에어로겔을 이용해 손가락 방수 실험을 한다. 중력에 의해 아래로 떨어지는 물체의 속도를 공기 저항을 이용해 줄여주는 낙하산 모형을 만든다 지피식물 잔디의 특징과 쓰임새를 알아보고 초록색 머리가 자라는 잔디 인형을 키운다. 얼음에 소금을 넣었을 때 어는점이 크게 떨어지는 원리를 이용해서 소금 아이스크림을 만든다 뉴턴의 작용-반작용의 법칙에 대해 알아보고 반작용으로 튀어 오르는 탱탱볼 로켓을 만든다. 지레의 원리와 지레를 이용한 물체에 대해 알아보고 지레의 원리를 이용한 투석기를 만든다. 빛을 정반사시켜 물체를 바르게 보여주는 거울의 원리를 알아보고 만화경을 만든다. 태양에서 나오는 자외선이 우리 몸에 미치는 영향을 알아보고 자외선을 막아주는 차단 크림을 만든다. 날아다니는 포유동물 박쥐의 생태와 특징을 알아보고 날개를 움직이는 박쥐 모형을 만든다. 전해질과 비전해질에 대해 알아보고 전해질 용액에 닿아야 소리가 내며 우는 전기매미를 만든다. 몸속의 소리를 크게 들려주는 청진기"
BNCB965C80DB,baewoobom,춘천시 배워봄,chuncheon_local,https://lifelong.hallym.ac.kr/cmmn/crs/community/selectDetail.do?crsId=O000472026001,누구나 쓸 수 있다! AI를 활용한 블로그 글쓰기,한림대학교 커뮤니티교육원,,0,0,0,,,,,open_to_all,1,0,1,0,1,0,1,0,,ai,3,본잎,프로젝트/제작/실습,0,1,2,기본,기본값(기초·심화 어느 쪽도 아님),1,실습형,기본값(실습형),1,PL002,한림대학교,강원특별자치도 춘천시 한림대학길 1,,,,,,0,0,ONLINE,,,,0,0,,,,2026-08-01,2026-12-31,153,2026-05-01,2026-07-31,월|화|수|목|금|토|일,00:00,00:00,,1,모집중,-1,미상,,,,,,,누구나 쓸 수 있다! ai를 활용한 블로그 글쓰기 ai|ai콘텐츠 제작|디지털문해|블로그 글쓰기|제미나이 누구나 쓸 수 있다! ai를 활용한 블로그 글쓰기
BN51E3488302,baewoobom,춘천시 배워봄,chuncheon_local,https://bwb.chuncheon.go.kr/enrollment/detail-view/?backFlag=category&lifelongGisuLectureId=11180&searchCate1=type02,생성형AI 배우기,춘천시 디지털정책과,"AI란 무엇인가? 프롬프트 이해하기 및 인공지능 윤리 Chat GPT 이해하기, 대화하기 생성형AI 체험하기1 생성형AI 체험하기2 생성형AI 체험하기3 생성형AI 활용하기1 생성형AI 활용하기2 생성형AI 활용하기3 생성형 AI를 활용한 작품 만들기",0,0,0,,,,,open_to_all,1,0,1,0,1,0,1,0,AI·데이터,인공지능|생성형|프롬프트|ai,2,새싹,기본값(새싹),0,1,2,기본,기본값(기초·심화 어느 쪽도 아님),0,이론형,커리큘럼 이론 100%,0,PL033,춘천시청 별관 3층 정보화교육장,강원특별자치도 춘천시 삭주로 3,,,,LAPTOP|WIFI|CRAFT|STATIONERY,노트북|와이파이/인터넷|공예/제작 재료|필기도구/활동지,4,1,COMPUTER_ROOM,24,,,0,0,,,,2026-11-16,2026-11-27,12,2026-10-30,2026-11-13,월|화|수|목|금,13:00,15:00,,1,모집중,-1,미상,,,,,,,"생성형ai 배우기 생성형ai 배우기 ai란 무엇인가? 프롬프트 이해하기 및 인공지능 윤리 chat gpt 이해하기, 대화하기 생성형ai 체험하기1 생성형ai 체험하기2 생성형ai 체험하기3 생성형ai 활용하기1 생성형ai 활용하기2 생성형ai 활용하기3 생성형 ai를 활용한 작품 만들기"
BNCBD9EE942D,baewoobom,춘천시 배워봄,chuncheon_local,https://bwb.chuncheon.go.kr/enrollment/detail-view/?backFlag=category&lifelongGisuLectureId=11162&searchCate1=type02,생성형AI 배우기,춘천시 디지털정책과,"AI란 무엇인가? 프롬프트 이해하기 및 인공지능 윤리 Chat GPT 이해하기, 대화하기 생성형AI 체험하기1 생성형AI 체험하기2 생성형AI 체험하기3 생성형AI 활용하기1 생성형AI 활용하기2 생성형AI 활용하기3 생성형 AI를 활용한 작품 만들기",0,0,0,,,,,open_to_all,1,0,1,0,1,0,1,0,AI·데이터,인공지능|생성형|프롬프트|ai,2,새싹,기본값(새싹),0,1,2,기본,기본값(기초·심화 어느 쪽도 아님),0,이론형,커리큘럼 이론 100%,0,PL033,춘천시청 별관 3층 정보화교육장,강원특별자치도 춘천시 삭주로 3,,,,LAPTOP|WIFI|CRAFT|STATIONERY,노트북|와이파이/인터넷|공예/제작 재료|필기도구/활동지,4,1,COMPUTER_ROOM,24,,,0,0,,,,2026-06-08,2026-06-19,12,2026-05-22,2026-06-05,월|화|수|목|금,13:00,15:00,,0,종료,-1,미상,,,,,,,"생성형ai 배우기 생성형ai 배우기 ai란 무엇인가? 프롬프트 이해하기 및 인공지능 윤리 chat gpt 이해하기, 대화하기 생성형ai 체험하기1 생성형ai 체험하기2 생성형ai 체험하기3 생성형ai 활용하기1 생성형ai 활용하기2 생성형ai 활용하기3 생성형 ai를 활용한 작품 만들기"
BN39BE910860,baewoobom,춘천시 배워봄,chuncheon_local,https://bwb.chuncheon.go.kr/enrollment/detail-view/?backFlag=category&lifelongGisuLectureId=11177&searchCate1=type02,"쉽게 따라하는 유튜브 개설, 편집",춘천시 디지털정책과,구글 계정 찾기 및 계정 만들기 유튜브란 무엇인가? 채널 만들기 채널 설정하기 및 채널 꾸미기 프레젠테이션 유튜브 영상 과정1 프레젠테잇녀 유튜브 영상 과정2 프레젠테잇녀 유튜브 영상 과정3 학습한 내용을 바탕으로 동영상 만들기 쇼츠 영상 만들기 스마트폰으로 영상 편집하기 인공지능을 활용한 영상 만들기,0,0,0,,,,,open_to_all,1,0,1,0,1,0,1,0,AI·데이터,인공지능,2,새싹,기본값(새싹),0,1,2,기본,기본값(기초·심화 어느 쪽도 아님),0,이론형,커리큘럼 이론 100%,1,PL033,춘천시청 별관 3층 정보화교육장,강원특별자치도 춘천시 삭주로 3,,,,LAPTOP|WIFI|CRAFT,노트북|와이파이/인터넷|공예/제작 재료,3,1,ONLINE,24,,,0,0,,,,2026-11-02,2026-11-13,12,2026-10-16,2026-10-30,월|화|수|목|금,13:00,15:00,,1,모집중,-1,미상,,,,,,,"쉽게 따라하는 유튜브 개설, 편집 쉽게 따라하는 유튜브 개설, 편집 구글 계정 찾기 및 계정 만들기 유튜브란 무엇인가? 채널 만들기 채널 설정하기 및 채널 꾸미기 프레젠테이션 유튜브 영상 과정1 프레젠테잇녀 유튜브 영상 과정2 프레젠테잇녀 유튜브 영상 과정3 학습한 내용을 바탕으로 동영상 만들기 쇼츠 영상 만들기 스마트폰으로 영상 편집하기 인공지능을 활용한 영상 만들기"
BND498CB0E94,baewoobom,춘천시 배워봄,chuncheon_local,https://bwb.chuncheon.go.kr/enrollment/detail-view/?backFlag=category&lifelongGisuLectureId=11159&searchCate1=type02,"쉽게 따라하는 유튜브 개설, 편집",춘천시 디지털정책과,구글 계정 찾기 및 계정 만들기 유튜브란 무엇인가? 채널 만들기 채널 설정하기 및 채널 꾸미기 프레젠테이션 유튜브 영상 과정1 프레젠테이션 유튜브 영상 과정2 프레젠테이션 유튜브 영상 과정3 학습한 내용을 바탕으로 동영상 만들기 쇼츠 영상 만들기 스마트폰으로 영상 편집하기 인공지능을 활용한 영상 만들기,0,0,0,,,,,open_to_all,1,0,1,0,1,0,1,0,AI·데이터,인공지능,2,새싹,기본값(새싹),0,1,2,기본,기본값(기초·심화 어느 쪽도 아님),1,실습형,커리큘럼 실습 100%,1,PL033,춘천시청 별관 3층 정보화교육장,강원특별자치도 춘천시 삭주로 3,,,,LAPTOP|WIFI|CRAFT,노트북|와이파이/인터넷|공예/제작 재료,3,1,ONLINE,23,,,0,0,,,,2026-05-20,2026-06-03,15,2026-04-24,2026-05-18,월|화|수|목|금,13:00,15:00,,0,종료,-1,미상,,,,,,,"쉽게 따라하는 유튜브 개설, 편집 쉽게 따라하는 유튜브 개설, 편집 구글 계정 찾기 및 계정 만들기 유튜브란 무엇인가? 채널 만들기 채널 설정하기 및 채널 꾸미기 프레젠테이션 유튜브 영상 과정1 프레젠테이션 유튜브 영상 과정2 프레젠테이션 유튜브 영상 과정3 학습한 내용을 바탕으로 동영상 만들기 쇼츠 영상 만들기 스마트폰으로 영상 편집하기 인공지능을 활용한 영상 만들기"
BN78806EACC0,baewoobom,춘천시 배워봄,chuncheon_local,https://bwb.chuncheon.go.kr/enrollment/detail-view/?backFlag=category&lifelongGisuLectureId=8605&searchCate1=type02,창의실험과학,춘천시 평생학습관,"오천년의 역사를 가진 차나무와 차나무 잎을 이용한 여러 가지 차의 종류를 알아보고, 녹차 미스트를 만들어본다. 속이 보이는 플랑크톤 물벼룩의 생김새와 현미경의 구조를 알아보고, 현미경으로 물벼룩을 관찰해본다. 물과 친한 친수성과 물과 섞이지 않는 소수성을 알아보고, 소수성 코팅으로 물에 젖지 않는 마술 모래를 탐구해본다. 물에서 자라는 수생식물의 종류의 특징을 알아보고, 단단한 연씨의 껍질을 깨서 연이 싹트는 과정을 관찰해본다. 소리의 진동과 파동에 대해 알아보고, 소리에 따라 작은 공들이 춤을 추듯이 움직이는 부부젤라를 만들어본다",1,0,0,e1|e2|e3|e4|e5|e6,1,6,초1~초6,school_level,2,0,0,1,0,1,2,1,생명·실험,현미경|실험,2,새싹,기본값(새싹),0,1,2,기본,기본값(기초·심화 어느 쪽도 아님),1,실습형,커리큘럼 실습 100%,0,PL001,춘천시 평생학습관,강원특별자치도 춘천시 퇴계농공로 40,37.8495249089956,127.743612444085,space_csv,LAB_TOOL|SAFETY,실험기구|안전장비,2,1,LAB,20,R009,230,0,1,Y,https://clc.chuncheon.go.kr/site/intro/rent_info.do,address,2025-08-23,2025-12-06,106,2025-08-05,2025-08-14,토,10:00,12:00,,0,종료,1,유료,60000,,,,,,"창의실험과학 과학|실험|실험과학|창의력 실험|실험과학|과학|창의력 창의실험과학 오천년의 역사를 가진 차나무와 차나무 잎을 이용한 여러 가지 차의 종류를 알아보고, 녹차 미스트를 만들어본다. 속이 보이는 플랑크톤 물벼룩의 생김새와 현미경의 구조를 알아보고, 현미경으로 물벼룩을 관찰해본다. 물과 친한 친수성과 물과 섞이지 않는 소수성을 알아보고, 소수성 코팅으로 물에 젖지 않는 마술 모래를 탐구해본다. 물에서 자라는 수생식물의 종류의 특징을 알아보고, 단단한 연씨의 껍질을 깨서 연이 싹트는 과정을 관찰해본다. 소리의 진동과 파동에 대해 알아보고, 소리에 따라 작은 공들이 춤을 추듯이 움직이는 부부젤라를 만들어본다. 도체와 부도체에 대해 알아보고 도체에 닿으면 눈에 불을 켜는 아이언맨을 만들어본다. 태양 주변을 돌고 있는 행성의 생김새와 특징을 알아보고, 태양 주위를 공전하는 행성 오르골을 만들어본다. 열을 받으면 모양이 변하는 물질에 대해 알아보고 열을 받으면 꽃처럼 피는 카라멜 팝콘을 만들어본다. 완전탈바꿈을 하는 나비의 한 살이와 종류를 알아보고, 파란색 날개를 가진 나비 표본을 만들어본다 화재가 나는 이유와 화재 진화 방법에 대해 알아보고, 이산화탄소를 이"
BNC8ABA2482C,ggoomgil,꿈길 춘천 진로체험,chuncheon_local,https://www.ggoomgil.go.kr/front/exp/infraMapDetail.do?t_ad=456743,AI 동화,주식회사 가르침에듀,,1,0,0,e1|e2|e3|e4|e5|e6,1,6,초1~초6,source_yn_flag,2,0,1,0,1,0,1,0,,ai,1,씨앗,유형=캠프형; 1일/단시간,0,1,2,기본,기본값(기초·심화 어느 쪽도 아님),1,실습형,기본값(실습형),0,PL045,학교로 찾아가는 교육,,37.8810564226938,127.731127583834,source_raw,LAPTOP|TABLET,노트북|태블릿,2,2,COMPUTER_ROOM,,,,0,0,,,,2025-09-04,2026-09-04,366,2025-09-04,2026-09-04,월|화|수|목|금|토|일,09:00,12:00,4,2,진행중,1,유료,30000,,,,,,ai 동화 캠프형|민간기업|기타|학교|오프라인|유료|인증유효|초 기타 ai 동화
BN3A8A2F19DE,ggoomgil,꿈길 춘천 진로체험,chuncheon_local,https://www.ggoomgil.go.kr/front/exp/infraMapDetail.do?t_ad=474442,가르침ai 웹툰 그림일기쓰기,주식회사 가르침에듀,"초등학교:도입=■ 주요내용 - 도입 참석자 확인 후 체험 프로그램의 목적과 활동 흐름을 안내한다. 강사 및 프로그램(다이어리 툰 제작)의 개요를 소개하고, 웹툰 작가 및 콘텐츠 제작자 직업에 대해 간단히 이해할 수 있도록 설명한다. 또한 웹툰 제작에 필요한 기본 요소(스토리 구성, 캐릭터 표현, 장면 구성 등)를 사례를 통해 제시한다. 디지털 기기 및 필기 도구 사용 시 주의사항과 안전 수칙을 안내하여 원활하고 안전한 체험이 이루어지도록 한다.|초등학교:본활동=■ 주요내용 - 본활동 학생들은 자신의 일상 경험을 바탕으로 ‘다이어리 ",1,1,1,e1|e2|e3|e4|e5|e6|m1|m2|m3|h1|h2|h3,1,12,초1~고3,source_yn_flag,2,0,1,0,1,0,1,0,실감미디어|진로·직업,ai,1,씨앗,유형=캠프형; 체험/입문,0,1,2,기본,기본값(기초·심화 어느 쪽도 아님),1,실습형,"내용 ""체험""",0,PL056,학교로 찾아가는 교육,,37.8905056037713,127.741831414268,source_raw,TABLET,태블릿,1,2,MAKERSPACE,30,,,0,0,,,,2026-03-01,2026-12-31,306,2026-03-01,2026-12-31,월|화|수|목|금,09:00,16:00,240,2,진행중,1,유료,10000,,,,,,"가르침ai 웹툰 그림일기쓰기 캠프형|민간기업|기타 교사|체험처|온오프라인 혼합|유료|인증유효|초|중|고 기타 교사 가르침ai 웹툰 그림일기쓰기 초등학교:목표=■ 가르침ai동화 목표: ai 기반 동화 제작 플랫폼(가르침에듀 ai동화)을 활용하여 학생들이 자신의 생각과 상상을 이야기로 표현하고, 이를 한글 및 영어 동화책으로 제작하는 과정을 경험함으로써 창의적 사고력과 디지털 활용 역량을 기른다. 또한 이야기 구성, 캐릭터 설정, 문제 해결 과정 등을 통해 다양한 직업(작가, ai개발자, 콘텐츠 기획자 등)에 대한 이해를 높이고, 자기주도적 진로 탐색 능력을 함양한다. ■ 수준별 세부 목표 가. 저학년(1~3학년) 이야기를 듣고 간단한 스토리를 만들며, ai를 활용한 동화 제작 체험을 통해 창의력과 표현력을 기른다. 나. 중학년(4~5학년) 스토리 구조(시작-전개-결말)를 이해하고, ai 도구를 활용하여 자신만의 동화를 제작하며 문제 해결력과 디지털 활용 능력을 향상시킨다. 다. 고학년(6학년) 한글 및 영어 동화를 직접 기획·제작하고, 다양한 콘텐츠 직업군을 탐색하며 진로 설계 기초 역량을 강화한다. ----------------- ■ 웹툰 다이어리[다이어리 "
BNF30A7158A2,hallym_online,한림대 공개 온라인강좌,university,,Python-Hello World부터 Up&Down 게임까지,한림대학교,,1,1,0,e1|e2|e3|e4|e5|e6|m1|m2|m3,1,9,초1~중3,school_level,2,1,0,0,1,0,0,0,,python,2,새싹,기본값(새싹),0,1,2,기본,기본값(기초·심화 어느 쪽도 아님),1,실습형,기본값(실습형),1,PL002,한림대학교,강원특별자치도 춘천시 한림대학길 1,,,,,,0,0,ONLINE,,,,0,0,,,,,,,,,,,,,-1,미상,-1,미상,,,,,,,python-hello world부터 up&down 게임까지 python-hello world부터 up&down 게임까지
BN4D362F3623,hallym_online,한림대 공개 온라인강좌,university,,아두이노 기초,한림대학교,,1,1,0,e1|e2|e3|e4|e5|e6|m1|m2|m3,1,9,초1~중3,school_level,2,1,0,0,1,0,0,0,로봇·메이커,아두이노,1,씨앗,체험/입문,0,1,1,기초,"제목 ""기초""",1,실습형,기본값(실습형),1,PL002,한림대학교,강원특별자치도 춘천시 한림대학길 1,,,,ARDUINO|LAPTOP,아두이노/센서 키트|노트북,2,1,ONLINE,,,,0,0,,,,,,,,,,,,,-1,미상,-1,미상,,,,,,,아두이노 기초 아두이노 기초
BN2526A8FD94,hallym_online,한림대 공개 온라인강좌,university,,언니랑 코딩할래? C언어 배우기,한림대학교,,1,1,0,e1|e2|e3|e4|e5|e6|m1|m2|m3,1,9,초1~중3,school_level,2,1,0,0,1,0,0,0,코딩·SW,코딩|c언어,2,새싹,기본값(새싹),0,1,2,기본,기본값(기초·심화 어느 쪽도 아님),1,실습형,기본값(실습형),1,PL002,한림대학교,강원특별자치도 춘천시 한림대학길 1,,,,LAPTOP|WIFI,노트북|와이파이/인터넷,2,1,ONLINE,,,,0,0,,,,,,,,,,,,,-1,미상,-1,미상,,,,,,,언니랑 코딩할래? c언어 배우기 언니랑 코딩할래? c언어 배우기
BN691B2F1E35,hallym_online,한림대 공개 온라인강좌,university,,언니랑 코딩할래? C언어 실전코딩,한림대학교,,1,1,0,e1|e2|e3|e4|e5|e6|m1|m2|m3,1,9,초1~중3,school_level,2,1,0,0,1,0,0,0,코딩·SW,코딩|c언어,3,본잎,프로젝트/제작/실습,0,1,3,심화,"제목 ""실전""",1,실습형,기본값(실습형),1,PL002,한림대학교,강원특별자치도 춘천시 한림대학길 1,,,,LAPTOP|WIFI,노트북|와이파이/인터넷,2,1,ONLINE,,,,0,0,,,,,,,,,,,,,-1,미상,-1,미상,,,,,,,언니랑 코딩할래? c언어 실전코딩 언니랑 코딩할래? c언어 실전코딩
BNC6780CA74B,hallym_online,한림대 공개 온라인강좌,university,,자바 기초-쌩 초보를 위한 자바 프로그래밍,한림대학교,,1,1,0,e1|e2|e3|e4|e5|e6|m1|m2|m3,1,9,초1~중3,school_level,2,1,0,0,1,0,0,0,코딩·SW,프로그래밍|자바,1,씨앗,체험/입문,0,1,1,기초,"제목 ""기초""",1,실습형,기본값(실습형),1,PL002,한림대학교,강원특별자치도 춘천시 한림대학길 1,,,,LAPTOP|WIFI,노트북|와이파이/인터넷,2,1,ONLINE,,,,0,0,,,,,,,,,,,,,-1,미상,-1,미상,,,,,,,자바 기초-쌩 초보를 위한 자바 프로그래밍 자바 기초-쌩 초보를 위한 자바 프로그래밍
BN254690233D,hallym_online,한림대 공개 온라인강좌,university,,파이썬 기초-쌩 초보를 위한 파이썬 프로그래밍,한림대학교,,1,1,0,e1|e2|e3|e4|e5|e6|m1|m2|m3,1,9,초1~중3,school_level,2,1,0,0,1,0,0,0,코딩·SW,프로그래밍|파이썬,1,씨앗,체험/입문,0,1,1,기초,"제목 ""기초""",1,실습형,기본값(실습형),1,PL002,한림대학교,강원특별자치도 춘천시 한림대학길 1,,,,LAPTOP|WIFI,노트북|와이파이/인터넷,2,1,ONLINE,,,,0,0,,,,,,,,,,,,,-1,미상,-1,미상,,,,,,,파이썬 기초-쌩 초보를 위한 파이썬 프로그래밍 파이썬 기초-쌩 초보를 위한 파이썬 프로그래밍
BNFE9E68F78F,hallym_sw,한림대 SW 교육콘텐츠,university,,(드론)항공촬영,한림대학교,,0,1,1,m1|m2|m3|h1|h2|h3,7,12,중1~고3,school_level,2,1,0,0,1,0,0,0,로봇·메이커,드론,2,새싹,기본값(새싹),0,1,3,심화,대상 하한이 중1 이상,1,실습형,"내용 ""촬영""",1,PL002,한림대학교,강원특별자치도 춘천시 한림대학길 1,,,,DRONE,드론,1,1,ONLINE,,,,0,0,,,,,,,,,,,,,-1,미상,-1,미상,,,,,,,(드론)항공촬영 (드론)항공촬영
BNE24C7CD8A3,hallym_sw,한림대 SW 교육콘텐츠,university,,AI 자율주행차,한림대학교,,0,1,1,m1|m2|m3|h1|h2|h3,7,12,중1~고3,school_level,2,0,1,0,1,0,1,0,,자율주행|ai,2,새싹,기본값(새싹),0,1,3,심화,대상 하한이 중1 이상,1,실습형,기본값(실습형),1,PL002,한림대학교,강원특별자치도 춘천시 한림대학길 1,,,,,,0,0,ONLINE,,,,0,0,,,,,,,,,,,,,-1,미상,-1,미상,,,,,,,ai 자율주행차 ai 자율주행차
BN941B4C3049,hallym_sw,한림대 SW 교육콘텐츠,university,,마이크로비트,한림대학교,,1,1,1,e1|e2|e3|e4|e5|e6|m1|m2|m3|h1|h2|h3,1,12,초1~고3,school_level,2,1,0,0,1,0,0,0,로봇·메이커,마이크로비트,2,새싹,기본값(새싹),0,1,2,기본,기본값(기초·심화 어느 쪽도 아님),1,실습형,기본값(실습형),1,PL002,한림대학교,강원특별자치도 춘천시 한림대학길 1,,,,ARDUINO|LAPTOP,아두이노/센서 키트|노트북,2,1,ONLINE,,,,0,0,,,,,,,,,,,,,-1,미상,-1,미상,,,,,,,마이크로비트 마이크로비트
BN8B35EB72AD,hallym_sw,한림대 SW 교육콘텐츠,university,,생성형AI 응용 및 활용,한림대학교,,0,1,1,m1|m2|m3|h1|h2|h3,7,12,중1~고3,school_level,2,0,1,0,1,0,1,0,AI·데이터,생성형|ai,3,본잎,프로젝트/제작/실습,0,1,3,심화,"제목 ""응용""",1,실습형,기본값(실습형),1,PL002,한림대학교,강원특별자치도 춘천시 한림대학길 1,,,,LAPTOP|WIFI,노트북|와이파이/인터넷,2,1,ONLINE,,,,0,0,,,,,,,,,,,,,-1,미상,-1,미상,,,,,,,생성형ai 응용 및 활용 생성형ai 응용 및 활용
BN71B62620DD,hallym_sw,한림대 SW 교육콘텐츠,university,,아두이노,한림대학교,,1,1,1,e1|e2|e3|e4|e5|e6|m1|m2|m3|h1|h2|h3,1,12,초1~고3,school_level,2,1,0,0,1,0,0,0,로봇·메이커,아두이노,2,새싹,기본값(새싹),0,1,2,기본,기본값(기초·심화 어느 쪽도 아님),1,실습형,기본값(실습형),1,PL002,한림대학교,강원특별자치도 춘천시 한림대학길 1,,,,ARDUINO|LAPTOP,아두이노/센서 키트|노트북,2,1,ONLINE,,,,0,0,,,,,,,,,,,,,-1,미상,-1,미상,,,,,,,아두이노 아두이노
BNB563E2D241,hallym_sw,한림대 SW 교육콘텐츠,university,,코딩드론,한림대학교,,1,1,1,e1|e2|e3|e4|e5|e6|m1|m2|m3|h1|h2|h3,1,12,초1~고3,school_level,2,1,0,0,1,0,0,0,코딩·SW|로봇·메이커,코딩|드론,2,새싹,기본값(새싹),0,1,2,기본,기본값(기초·심화 어느 쪽도 아님),1,실습형,기본값(실습형),1,PL002,한림대학교,강원특별자치도 춘천시 한림대학길 1,,,,LAPTOP|WIFI|DRONE,노트북|와이파이/인터넷|드론,3,1,ONLINE,,,,0,0,,,,,,,,,,,,,-1,미상,-1,미상,,,,,,,코딩드론 코딩드론
BNB72508276E,hallym_sw,한림대 SW 교육콘텐츠,university,,핑퐁로봇,한림대학교,,1,1,1,e1|e2|e3|e4|e5|e6|m1|m2|m3|h1|h2|h3,1,12,초1~고3,school_level,2,1,0,0,1,0,0,0,로봇·메이커,로봇|핑퐁로봇,2,새싹,기본값(새싹),0,1,2,기본,기본값(기초·심화 어느 쪽도 아님),1,실습형,기본값(실습형),1,PL002,한림대학교,강원특별자치도 춘천시 한림대학길 1,,,,ROBOT_KIT|LAPTOP,로봇 키트|노트북,2,1,ONLINE,,,,0,0,,,,,,,,,,,,,-1,미상,-1,미상,,,,,,,핑퐁로봇 핑퐁로봇
BN1EFBE0676F,national,전국 평생학습 표준데이터(춘천분),national_reference,https://lib.gwe.go.kr/chuncheonecc,AI스마트교실,춘천교육문화관,스마트터치 기계 배우기,0,0,0,,,,,unknown,1,0,1,0,1,0,1,0,,ai,2,새싹,기본값(새싹),0,1,2,기본,기본값(기초·심화 어느 쪽도 아님),1,실습형,기본값(실습형),0,PL021,춘천교육문화관,강원특별자치도 춘천시 중앙로 107번길14,,,,,,0,0,LECTURE_ROOM,15,,,0,0,,,,2026-03-13,2026-06-27,107,2026-02-19,2026-02-26,금,10:00,12:00,,0,종료,0,무료,0,,,,,,ai스마트교실 ai스마트교실 스마트터치 기계 배우기
BN6A98738AD9,national,전국 평생학습 표준데이터(춘천분),national_reference,https://lib.gwe.go.kr/chuncheonecc,생상형 AI 콘텐츠,춘천교육문화관,챗봇과 AI 코딩을 직접 체험하며 논리적 사고와 창의적 문제해결 능력 향상,1,0,0,e1|e2|e3|e4|e5|e6,1,6,초1~초6,school_level,2,1,1,0,1,0,1,0,코딩·SW,코딩|ai,2,새싹,기본값(새싹),0,1,2,기본,기본값(기초·심화 어느 쪽도 아님),1,실습형,"내용 ""체험""",0,PL021,춘천교육문화관,강원특별자치도 춘천시 중앙로 107번길14,,,,LAPTOP|WIFI|STATIONERY,노트북|와이파이/인터넷|필기도구/활동지,3,1,COMPUTER_ROOM,15,,,0,0,,,,2026-03-21,2026-06-27,99,2026-02-19,2026-02-26,토,10:00,12:00,,0,종료,0,무료,0,,,,,,생상형 ai 콘텐츠 생상형 ai 콘텐츠 챗봇과 ai 코딩을 직접 체험하며 논리적 사고와 창의적 문제해결 능력 향상
BN5486CC8319,national,전국 평생학습 표준데이터(춘천분),national_reference,https://lib.gwe.go.kr/chuncheonecc,창의 로봇,춘천교육문화관,"로봇을 직접 조립하며 원리를 이해 하고, 놀이하듯 배우는 과정 속에서 창의력과 문제해결 능력 향상",1,0,0,e1|e2|e3|e4|e5|e6,1,6,초1~초6,school_level,2,1,0,0,1,0,0,0,로봇·메이커,로봇,2,새싹,기본값(새싹),0,1,2,기본,기본값(기초·심화 어느 쪽도 아님),1,실습형,"내용 ""조립""",0,PL021,춘천교육문화관,강원특별자치도 춘천시 중앙로 107번길14,,,,ROBOT_KIT|LAPTOP,로봇 키트|노트북,2,1,COMPUTER_ROOM,15,,,0,0,,,,2026-03-21,2026-06-27,99,2026-02-19,2026-02-26,토,10:00,12:00,,0,종료,0,무료,0,,,,,,"창의 로봇 창의 로봇 로봇을 직접 조립하며 원리를 이해 하고, 놀이하듯 배우는 과정 속에서 창의력과 문제해결 능력 향상"
BN497A33A4F5,national,전국 평생학습 표준데이터(춘천분),national_reference,https://lib.gwe.go.kr/chuncheonecc,컴퓨터기초교실,춘천교육문화관,컴퓨터 기초과정,0,0,0,,,,,unknown,1,1,0,0,1,0,0,0,,컴퓨터,1,씨앗,체험/입문,0,1,1,기초,"제목 ""기초""",1,실습형,기본값(실습형),0,PL021,춘천교육문화관,강원특별자치도 춘천시 중앙로 107번길14,,,,,,0,0,COMPUTER_ROOM,15,,,0,0,,,,2026-03-11,2026-06-24,106,2026-02-19,2026-02-26,수,10:00,12:00,,0,종료,0,무료,0,,,,,,컴퓨터기초교실 컴퓨터기초교실 컴퓨터 기초과정
BN57E9925835,pdf,첨부문서(공고·계획서),chuncheon_local,https://www.cbf.or.kr/,제31회 바이오캠프 (중등부) HPLC 정량분석,(재)춘천바이오산업진흥원,"이동상의 선택 요령 및 제조; 비타민C 표준물질 제조; HPLC 분석장치 운용; 표준물질 주입 및 분석 실습; 비타민 음료 시료 전처리; 정성분석, 정량분석의 개념 이해",0,1,0,m1|m2|m3,7,9,중1~중3,grade_range,2,0,0,1,0,1,2,1,바이오산업,바이오,3,본잎,프로젝트/제작/실습,0,1,3,심화,대상 하한이 중1 이상,1,실습형,커리큘럼 실습 100%,0,PL006,춘천바이오산업진흥원,강원특별자치도 춘천시 소양강로 32,37.8921875316716,127.742990593952,space_csv,LAB_TOOL,실험기구,1,2,LAB,30,R028|R029|R030|R031|R032|R033,120,1,1,Y,https://www.cbf.or.kr/,address,2023-07-31,2023-08-08,9,,,,,,,0,종료,-1,미상,,86.67,86.67,4.3,60,첨단 바이오산업 기초인재 육성 바이오캠프('23~'25).pdf,"제31회 바이오캠프 (중등부) hplc 정량분석 바이오 분석장비 실습 이동상의 선택 요령 및 제조; 비타민c 표준물질 제조; hplc 분석장치 운용; 표준물질 주입 및 분석 실습; 비타민 음료 시료 전처리; 정성분석, 정량분석의 개념 이해 제31회 바이오캠프 (중등부) hplc 정량분석 이동상의 선택 요령 및 제조 비타민c 표준물질 제조 hplc 분석장치 운용 표준물질 주입 및 분석 실습 비타민 음료 시료 전처리 및 주의 정성분석, 정량 분석의 개념 이해"
BN7018723F29,pdf,첨부문서(공고·계획서),chuncheon_local,https://www.cbf.or.kr/,제31회 바이오캠프 (초등부),(재)춘천바이오산업진흥원,혼합물 실험(물질의 분리); 화합물 실험(황화철 만들기); 화합물 실험(핫팩 만들기); 화합물 실험(아쿠아 화학정원 만들기); 화합물 실험(탄성 고분자 화합물(탱탱볼) 만들기),1,0,0,e4|e5|e6,4,6,초4~초6,grade_range,2,0,0,1,0,1,2,1,바이오산업,바이오|실험|화학,2,새싹,유형=캠프형,0,1,2,기본,기본값(기초·심화 어느 쪽도 아님),1,실습형,커리큘럼 실습 100%,0,PL006,춘천바이오산업진흥원,강원특별자치도 춘천시 소양강로 32,37.8921875316716,127.742990593952,space_csv,LAB_TOOL,실험기구,1,2,LAB,100,R028|R029|R030|R031|R032|R033,120,1,1,Y,https://www.cbf.or.kr/,address,2023-07-31,2023-08-08,9,,,,,,,0,종료,-1,미상,,92.24,55.29,2.8,82,첨단 바이오산업 기초인재 육성 바이오캠프('23~'25).pdf,제31회 바이오캠프 (초등부) 바이오 실험 캠프 혼합물 실험(물질의 분리); 화합물 실험(황화철 만들기); 화합물 실험(핫팩 만들기); 화합물 실험(아쿠아 화학정원 만들기); 화합물 실험(탄성 고분자 화합물(탱탱볼) 만들기) 제31회 바이오캠프 (초등부) 혼합물 실험(물질의 분리) 화합물 실험(황화철 만들기) 화합물 실험(핫팩 만들기) 화합물 실험(아쿠아 화학정원 만들기) 화합물 실험(탄성 고분자 화합물(탱탱볼) 만들기)
BN0FFE05F68F,pdf,첨부문서(공고·계획서),chuncheon_local,https://www.cbf.or.kr/,제32회 바이오캠프 (온라인),(재)춘천바이오산업진흥원,"손세척, 손소독 전후 미생물 검사; 유산균 배양, 주요 물품 미생물 검사; 손소독제 만들기; 미생물 폐기",1,0,0,e4|e5|e6,4,6,초4~초6,grade_range,2,0,0,1,0,1,2,1,생명·실험|바이오산업,바이오|미생물|배양|생물|실험,2,새싹,기본값(새싹),0,1,2,기본,기본값(기초·심화 어느 쪽도 아님),1,실습형,"내용 ""만들기""",1,PL006,춘천바이오산업진흥원,강원특별자치도 춘천시 소양강로 32,37.8921875316716,127.742990593952,space_csv,LAB_TOOL|SAFETY|CRAFT,실험기구|안전장비|공예/제작 재료,3,1,ONLINE,200,R028|R029|R030|R031|R032|R033,120,1,1,Y,https://www.cbf.or.kr/,address,2023-08-18,2023-09-03,17,,,,,,,0,종료,-1,미상,,97.11,52.89,2.6,100,첨단 바이오산업 기초인재 육성 바이오캠프('23~'25).pdf,"제32회 바이오캠프 (온라인) 바이오 온라인 실험 손세척, 손소독 전후 미생물 검사; 유산균 배양, 주요 물품 미생물 검사; 손소독제 만들기; 미생물 폐기 제32회 바이오캠프 (온라인) 손세척, 손소독 전후 미생물 검사 유산균 배양, 주요 물품 미생물 검사 손소독제 만들기 미생물 폐기"
BN0B25A06FA7,pdf,첨부문서(공고·계획서),chuncheon_local,https://www.cbf.or.kr/,제33회 바이오캠프,(재)춘천바이오산업진흥원,"현미경 조립, 샘플 관찰; 동식물 세포 관찰, 식물 구조 관찰; 미생물 관찰(유용미생물 3종); DNA 이중나선구조 설명 및 조립",1,0,0,e4|e5|e6,4,6,초4~초6,grade_range,2,0,0,1,0,1,2,1,생명·실험|바이오산업,바이오|세포|미생물|현미경|생물|실험|dna,2,새싹,유형=캠프형,0,1,2,기본,기본값(기초·심화 어느 쪽도 아님),1,실습형,커리큘럼 실습 100%,0,PL006,춘천바이오산업진흥원,강원특별자치도 춘천시 소양강로 32,37.8921875316716,127.742990593952,space_csv,LAB_TOOL,실험기구,1,2,LAB,200,R028|R029|R030|R031|R032|R033,120,1,1,Y,https://www.cbf.or.kr/,address,2024-07-29,2024-08-08,11,,,,,,,0,종료,-1,미상,,96.92,69.23,3.5,87,첨단 바이오산업 기초인재 육성 바이오캠프('23~'25).pdf,"제33회 바이오캠프 바이오 실험 캠프 현미경 조립, 샘플 관찰; 동식물 세포 관찰, 식물 구조 관찰; 미생물 관찰(유용미생물 3종); dna 이중나선구조 설명 및 조립 제33회 바이오캠프 현미경 조립, 샘플 관찰 동식물 세포 관찰, 식물 구조 관찰 미생물 관찰(유용미생물 3종) dna 이중나선구조 설명 및 조립"
BN2F1BD8ABE1,pdf,첨부문서(공고·계획서),chuncheon_local,https://www.cbf.or.kr/,제34회 바이오캠프,(재)춘천바이오산업진흥원,주요 영양소와 소화과정 이론수업; 음식의 소화과정 실험; 3대 영양소 검출 실험; 비타민C 검출 실험; 음료의 당함량 검사 실험,1,0,0,e4|e5|e6,4,6,초4~초6,grade_range,2,0,0,1,0,1,2,1,바이오산업,바이오|실험,2,새싹,유형=캠프형,0,1,2,기본,기본값(기초·심화 어느 쪽도 아님),1,실습형,"내용 ""실험""",0,PL006,춘천바이오산업진흥원,강원특별자치도 춘천시 소양강로 32,37.8921875316716,127.742990593952,space_csv,LAB_TOOL,실험기구,1,2,LAB,200,R028|R029|R030|R031|R032|R033,120,1,1,Y,https://www.cbf.or.kr/,address,2025-02-17,2025-02-26,10,,,,10:00,17:00,,0,종료,-1,미상,,98,,,95,첨단 바이오산업 기초인재 육성 바이오캠프('23~'25).pdf,"제34회 바이오캠프 바이오 실험 캠프 주요 영양소와 소화과정 이론수업; 음식의 소화과정 실험; 3대 영양소 검출 실험; 비타민c 검출 실험; 음료의 당함량 검사 실험 제34회 바이오캠프 개강식 및 센터 소개(진흥원 소개, 프로그램 일정 소개) 아이스브레이킹(모둠 친구 얼굴 그리기) 주요 영양소와 소화과정 음식의 소화과정 실험 3대 영양소 검출 실험 비타민 c 검출 실험 음료의 당함량 검사 실험 실험 결과 고찰, 퀴즈, 수료증 배부, 사진 촬영"
BNF597698B58,pdf,첨부문서(공고·계획서),chuncheon_local,https://www.cbf.or.kr/,제35회 바이오캠프 오늘은 내가 과학자! 필터의 비밀을 밝혀라!,(재)춘천바이오산업진흥원,"필터, 여과 이론수업; 간이 정수기 만들기; 필터의 크기에 따른 여과 효과; 편광 필터 선그라스 만들기; 방독면 만들기",1,0,0,e4|e5|e6,4,6,초4~초6,grade_range,2,0,0,1,0,1,2,1,바이오산업,바이오|실험,2,새싹,유형=캠프형,0,1,2,기본,기본값(기초·심화 어느 쪽도 아님),1,실습형,"내용 ""실험""",0,PL006,춘천바이오산업진흥원,강원특별자치도 춘천시 소양강로 32,37.8921875316716,127.742990593952,space_csv,LAB_TOOL|STATIONERY,실험기구|필기도구/활동지,2,2,LAB,160,R028|R029|R030|R031|R032|R033,120,1,1,Y,https://www.cbf.or.kr/,address,2025-07-30,2025-08-08,10,2025-07-07,2025-07-18,,10:00,17:00,,0,종료,-1,미상,,98,,,89,제35회 바이오캠프 교육생 모집 공고.pdf,"제35회 바이오캠프 오늘은 내가 과학자! 필터의 비밀을 밝혀라! 바이오 실험 캠프 필터, 여과 이론수업; 간이 정수기 만들기; 필터의 크기에 따른 여과 효과; 편광 필터 선그라스 만들기; 방독면 만들기 제35회 바이오캠프 오늘은 내가 과학자! 필터의 비밀을 밝혀라! 개강식 및 센터 소개(진흥원 소개, 프로그램 일정 소개) 아이스브레이킹(모둠 친구 얼굴 그리기) 필터, 여과 이론수업 간이 정수기 만들기 필터의 크기에 따른 여과 효과 편광 필터 선그라스 만들기 방독면 만들기 실험 결과 고찰, 수료증 배부, 사진 촬영"
